word,count
Query,45421
RootQueryType,1757
RootQuery,1753
query_root,743
query,606
QueryRoot,122
PlatformQuery,110
Queries,99
Domain,70
QueryV1,45
QueryType,26
PublicQuery,22
RootSchemaQuery,21
Root,20
QueryContainer,16
Object,12
AppQuery,11
ROOTQUERY,9
frontendQuery,9
HeadquartersQuery,9
SnappetRootQuery,8
QueryEntry,8
AllQueries,7
IasQuery,6
GraphQLQuery,6
GridQuery,6
LitiumQuery,5
UsersQueryType,5
ApplicationQueries,5
queries,4
graph,4
rootQuery,4
CommonQuery,4
QueriesF,4
WcsQuery,4
MiaQuery,4
FindSpaceQuery,4
EatnParkQuery,4
BiosuisseQuery,4
AdminQuery,4
ProductSearch,3
NewAccounts,3
LegalxQuery,3
RadarQuery,3
RootQueryLimited,3
RootQueries,3
TypesQueryType,3
EbbQuery,3
FliptSchemaQueryRoot,3
PublicQueries,3
GIJoeQuery,3
BrugerstyringQuery,3
workitemQueries,3
ShippioApiQueries,3
LexorQuery,3
API,2
CoreAPI,2
Commerce,2
QueryStraw,2
DataQuery,2
QueryTypes,2
DnxAndIntegration,2
Global,2
XeonERPQuery,2
MorffQuery,2
AirvolutionQuery,2
BlogAppSchema,2
CustomExport,2
DagitQuery,2
TickerQuery,2
GMSRootQuery,2
AptusQuery,2
MehubQuery,2
DefaultQuery,2
root_query_type_v1,2
GeneralQuery,2
platformQuery,2
FrontQuery,2
GraphQlQueries,2
ServiceQuery,2
RootQueryGraphType,2
UserQueries,2
AccessQuery,2
RootQueryClass,2
BLBQuery,2
UnFootprintQuery,2
AptusorderingQuery,2
MetricQuery,2
Vaulteron_root_query,2
ContingentQuery,2
BaseQuery,2
GraphQlQuery,2
Skyscraper,2
StudioQuery,2
Me,1
ApiQuery,1
UserQuery,1
VouchersQueries,1
RBSQuery,1
HelloWorld,1
GenericGraphQLQuery,1
ExpensePolicyQuery,1
ConfigQueries,1
EconomyQueries,1
ExternalQuery,1
CompanyQuery,1
KeyValueStoreQueries,1
DocumentStoreQueries,1
billkillQuery,1
EmailQuery,1
DocumentsQueries,1
H4LQueries,1
ProjectisQuery,1
VariantQuery,1
AuthQuery,1
StanlabQuery,1
OrganizationQueries,1
PartitionMaintenanceQueries,1
UmbracoContentQueries,1
SessionManagementQueries,1
KiwolSchema,1
appQueries,1
CardManagerQueries,1
OAuthQuery,1
SiamServerQuery,1
UserProfileQueries,1
EvidenceQueries,1
ApiQueries,1
KitchenErpQuery,1
BansheeQueries,1
EgwCpanelQueries,1
ScriptingQueries,1
Schema,1
KaseyaDemQuery,1
SkynetQuery,1
CommonTypesQueries,1
GraphqlQuery,1
TcWebQuery,1
PsiwareQuery,1
bijenplantenontwikkelcentrum,1
PassQueries,1
HitachiQuery,1
DocumentServerQueries,1
PublicQueryType,1
LetsEventsAPI,1
Querier,1
DeviceManagerQueries,1
CollectionApiQuery,1
AXEQueries,1
AppQueries,1
MainQuery,1
QueryRootExplorer,1
IdentityServerStoreQueries,1
MixQuery,1
AchillesQuery,1
BookmarkQuery,1
StatusAppSchema,1
QueryObjectType,1
HoteltogoQuery,1
SupplierPortalQuery,1
OrganiMarkQueries,1
GoFundraiseQuery,1
TopLevelQuery,1
SyncServiceQuery,1
CommonAPIQuery,1
MasterQuery,1
HelvengoQuery,1
CoreQuery,1
JournalQueries,1
DigitalSandwichQueries,1
EventStoreQueries,1
GraphDocQuery,1
KonfiguratorSkrzydla,1
QueryBase,1
ApplicationQuery,1
CertMetricsQuery,1